transaction_id,order_id,merchant_id,merchant_name,gross_amount,platform_fee,tax_on_fee,net_settlement_amount,payment_status,gateway_timestamp,settlement_id,utr
TXN-00001,ORD-00001,MER-H75LXO6Q,"Choudhury, Bakshi and Maharaj",2830.26,56.61,10.19,2763.46,SUCCESS,2026-09-02 20:36:00,SET-0001,UTR-JIUJV6OH9SDB
TXN-00002,ORD-00002,MER-CN9T84AZ,Kapoor and Sons,22824.43,456.49,82.17,22285.77,SUCCESS,2026-09-03 19:54:00,SET-0001,UTR-YTJXEPQ85JSG
TXN-00003,ORD-00003,MER-877VREN9,"Chaudry, Chahal and Sami",4211.66,84.23,15.16,4112.27,SUCCESS,2026-09-04 12:36:00,SET-0001,UTR-3IIUC039TEX8
TXN-00004,ORD-00004,MER-OYN6QICA,Balan Inc,18111.48,362.23,65.2,17684.05,SUCCESS,2026-09-04 13:08:00,SET-0001,UTR-TVAZCCBLSKRT
TXN-00005,ORD-00005,MER-DXMO5BXX,Kaul PLC,21413.58,321.2,57.82,21034.56,SUCCESS,2026-09-01 20:07:00,SET-0001,UTR-C02DGTFGQ5C3
TXN-00006,ORD-00006,MER-74FRHOCN,"Bala, Issac and Saini",14521.59,290.43,52.28,14178.88,SUCCESS,2026-09-01 14:21:00,SET-0001,UTR-9J2QP89UZFK8
TXN-00007,ORD-00007,MER-VS4F8CGV,Sen PLC,17933.18,269.0,48.42,17615.76,SUCCESS,2026-09-03 15:45:00,SET-0001,UTR-YIE6IVWPVS7H
TXN-00008,ORD-00008,MER-Q77AWUDT,Ahuja-Dutta,16729.79,334.6,60.23,16334.96,SUCCESS,2026-09-03 20:19:00,SET-0001,UTR-SEMCIKPTK93T
TXN-00009,ORD-00009,MER-J60FKHMY,"Sami, Oak and Mall",11101.7,222.03,39.97,10839.7,SUCCESS,2026-09-04 18:34:00,SET-0001,UTR-4SJ6BW3BME9F
TXN-00010,ORD-00010,MER-E8YFBNTP,Kale LLC,18761.99,281.43,50.66,18429.9,SUCCESS,2026-09-02 12:01:00,SET-0001,UTR-BN78BMYYMU59
TXN-00011,ORD-00011,MER-G72OY0IF,Chanda Group,7037.22,105.56,19.0,6912.66,SUCCESS,2026-09-03 14:59:00,SET-0002,UTR-ZNBQH7M35IXO
TXN-00012,ORD-00012,MER-LA5JU9BV,Parmer LLC,23512.55,470.25,84.64,22957.66,SUCCESS,2026-09-02 15:12:00,SET-0002,UTR-M2P9E6GBPS3Y
TXN-00013,ORD-00013,MER-CXLL4ZKL,"Lalla, Bassi and Sharaf",7244.15,130.39,23.47,7090.29,SUCCESS,2026-09-03 16:56:00,SET-0002,UTR-OOKEP7Y6WKTA
TXN-00014,ORD-00014,MER-YS280XKX,"Dash, Radhakrishnan and Brar",22164.81,443.3,79.79,21641.72,SUCCESS,2026-09-02 20:53:00,SET-0002,UTR-WD8IL3FB9W1Q
TXN-00015,ORD-00015,MER-OFY6452H,"Memon, Pathak and Handa",11120.08,222.4,40.03,10857.65,SUCCESS,2026-09-04 18:21:00,SET-0002,UTR-2ZQU7EEQTUL1
TXN-00016,ORD-00016,MER-0RJIW1SW,"Boase, Bath and Kari",13611.02,245.0,44.1,13321.92,SUCCESS,2026-09-01 12:31:00,SET-0002,UTR-JCKJLTEIYZCO
TXN-00017,ORD-00017,MER-6VZ41NAM,Buch-Kaul,17010.63,306.19,55.11,16649.33,SUCCESS,2026-09-02 16:58:00,SET-0002,UTR-148P0TVHHPBM
TXN-00018,ORD-00018,MER-T6VXDP5G,Rai LLC,23802.8,357.04,64.27,23381.49,SUCCESS,2026-09-01 20:07:00,SET-0002,UTR-JLQM5K8P4Q0B
TXN-00019,ORD-00019,MER-8HAFEYUH,Patla-Gaba,23958.5,431.25,77.62,23449.63,SUCCESS,2026-09-02 10:17:00,SET-0002,UTR-Z1GV0E38DALY
TXN-00020,ORD-00020,MER-ZKY22UBT,Pant-Kadakia,13091.49,261.83,47.13,12782.53,SUCCESS,2026-09-03 19:30:00,SET-0002,UTR-XCXAPRPN6QFG
TXN-00021,ORD-00021,MER-3VLI7KQ1,"Loke, Bora and Garg",12964.02,194.46,35.0,12734.56,SUCCESS,2026-09-01 13:07:00,SET-0003,UTR-X2EK3ZEZQACJ
TXN-00022,ORD-00022,MER-TIRZQAKO,"Konda, Gade and Shere",7957.14,159.14,28.65,7769.35,SUCCESS,2026-09-02 12:16:00,SET-0003,UTR-IXNTM9TMQLIZ
TXN-00023,ORD-00023,MER-09SKDGIG,Madan-Kanda,11067.67,166.02,29.88,10871.77,SUCCESS,2026-09-01 13:18:00,SET-0003,UTR-ATJ9TZE5R5UQ
TXN-00024,ORD-00024,MER-OCWBFUK9,"Nair, Bhalla and Karnik",15279.81,305.6,55.01,14919.2,SUCCESS,2026-09-01 12:32:00,SET-0003,UTR-E1V2ISQP49KW
TXN-00025,ORD-00025,MER-XFGCAQVK,Mutti Group,16226.1,292.07,52.57,15881.46,SUCCESS,2026-09-02 10:13:00,SET-0003,UTR-IZZQY72WX7PT
TXN-00026,ORD-00026,MER-2V37PQKO,Bhatti-Kakar,616.56,12.33,2.22,602.01,SUCCESS,2026-09-03 18:50:00,SET-0003,UTR-JTPV60VAIY4V
TXN-00027,ORD-00027,MER-QX6GVWRD,"Murty, Kala and Tata",8149.52,146.69,26.4,7976.43,SUCCESS,2026-09-01 20:13:00,SET-0003,UTR-MLY4LYK83TQL
TXN-00028,ORD-00028,MER-BSWRPBJE,Shanker-Dhar,2925.18,43.88,7.9,2873.4,SUCCESS,2026-09-02 17:30:00,SET-0003,UTR-04B7P47B42G0
TXN-00029,ORD-00029,MER-ZORQQFGV,Dewan-Koshy,16532.52,247.99,44.64,16239.89,SUCCESS,2026-09-04 18:11:00,SET-0003,UTR-0EC14M2JA04U
TXN-00030,ORD-00030,MER-L1N759IN,"Yohannan, Lall and Sangha",24137.3,434.47,78.2,23624.63,SUCCESS,2026-09-01 16:30:00,SET-0003,UTR-4OLR6N92XF8E
TXN-00031,ORD-00031,MER-0OXFQ8MY,"Rastogi, Pathak and Kanda",23031.13,345.47,62.18,22623.48,SUCCESS,2026-09-01 16:24:00,SET-0004,UTR-X444NLZ15BCW
TXN-00032,ORD-00032,MER-PY6B2KNF,Upadhyay Group,6457.64,96.86,17.43,6343.35,SUCCESS,2026-09-04 13:54:00,SET-0004,UTR-TU2GC5WI6FQJ
TXN-00033,ORD-00033,MER-PMVXPJ4H,Batta Inc,18642.25,279.63,50.33,18312.29,SUCCESS,2026-09-04 13:53:00,SET-0004,UTR-NRIUU9K9XJUY
TXN-00034,ORD-00034,MER-2HGJ11YE,Dutta Ltd,21923.87,394.63,71.03,21458.21,SUCCESS,2026-09-03 11:48:00,SET-0004,UTR-DWB2BNE6LOH2
TXN-00035,ORD-00035,MER-8K52QC1I,Bhatt-Rajan,9587.53,191.75,34.52,9361.26,SUCCESS,2026-09-03 10:50:00,SET-0004,UTR-YYO4UDOJEN0J
TXN-00036,ORD-00036,MER-A5U6HC36,Sidhu-Wadhwa,23654.75,425.79,76.64,23152.32,SUCCESS,2026-09-02 16:04:00,SET-0004,UTR-KOF8KRD5EQY0
TXN-00037,ORD-00037,MER-W7KYHQIN,Apte-Contractor,24280.22,364.2,65.56,23850.46,SUCCESS,2026-09-03 13:09:00,SET-0004,UTR-9N6XCJ883DHX
TXN-00038,ORD-00038,MER-H3TV3I12,"Yadav, Loke and Oak",492.95,8.87,1.6,482.48,SUCCESS,2026-09-01 11:09:00,SET-0004,UTR-VJ99T2D5EM2V
TXN-00039,ORD-00039,MER-ECQNVQHW,Memon Group,22491.74,404.85,72.87,22014.02,SUCCESS,2026-09-02 10:07:00,SET-0004,UTR-06XKXB94PDZP
TXN-00040,ORD-00040,MER-WVZNVKSP,Setty Inc,7882.45,141.88,25.54,7715.03,SUCCESS,2026-09-03 15:23:00,SET-0004,UTR-2EX5T5P5O3O0
TXN-00041,ORD-00041,MER-YRDDP0NE,"Lall, Tella and Gokhale",2679.65,53.59,9.65,2616.41,SUCCESS,2026-09-02 11:38:00,SET-0005,UTR-C8UYO57P6BKL
TXN-00042,ORD-00042,MER-MUEKIPU1,"Cherian, Misra and Tripathi",3666.96,73.34,13.2,3580.42,SUCCESS,2026-09-04 10:11:00,SET-0005,UTR-WYUVXYBJ17MG
TXN-00043,ORD-00043,MER-DTNQFLL7,"Issac, Dua and Prakash",8694.8,130.42,23.48,8540.9,SUCCESS,2026-09-03 20:34:00,SET-0005,UTR-V5F1BCPPVOHS
TXN-00044,ORD-00044,MER-OVAKHEJL,Zacharia PLC,23036.94,414.66,74.64,22547.64,SUCCESS,2026-09-04 18:47:00,SET-0005,UTR-A0GNZS43C5BA
TXN-00045,ORD-00045,MER-O8G8QYNP,Naik Group,19428.08,349.71,62.95,19015.42,SUCCESS,2026-09-02 13:01:00,SET-0005,UTR-DPOC50H2CWTG
TXN-00046,ORD-00046,MER-GF1C8WQU,Choudhury LLC,14826.35,266.87,48.04,14511.44,SUCCESS,2026-09-01 14:17:00,SET-0005,UTR-UY5X9L8LPQW2
TXN-00047,ORD-00047,MER-BNKX9DVN,Khatri-Bhardwaj,20950.69,419.01,75.42,20456.26,SUCCESS,2026-09-01 17:36:00,SET-0005,UTR-U80B6UGVS8Q3
TXN-00048,ORD-00048,MER-IPPSFNKO,Brar Inc,8400.71,168.01,30.24,8202.46,SUCCESS,2026-09-02 14:58:00,SET-0005,UTR-MV2XCDYK0X65
TXN-00049,ORD-00049,MER-EZDUXLEZ,"Sunder, Biswas and Walia",24999.42,374.99,67.5,24556.93,SUCCESS,2026-09-01 14:02:00,SET-0005,UTR-896DYSAL8M1G
TXN-00050,ORD-00050,MER-45BM1ENF,Dave Ltd,13396.88,241.14,43.41,13112.33,SUCCESS,2026-09-04 12:18:00,SET-0005,UTR-313FPOYIPK0Q
TXN-00051,ORD-00051,MER-12SPFHV5,Gandhi-Lanka,2383.67,35.76,6.44,2341.47,SUCCESS,2026-09-04 14:57:00,SET-0006,UTR-BRN7ZSEDFQS3
TXN-00052,ORD-00052,MER-BSI9NB74,"Sampath, Kakar and Zacharia",20890.58,417.81,75.21,20397.56,SUCCESS,2026-09-04 10:53:00,SET-0006,UTR-X2EK3ZEZQACJ
TXN-00053,ORD-00053,MER-KBP2QD6V,"Iyer, Muni and Rastogi",13198.88,263.98,47.52,12887.38,SUCCESS,2026-09-01 15:39:00,SET-0006,UTR-ASIFPWIOXD9C
TXN-00054,ORD-00054,MER-9JA2M0W1,"Prakash, Sarma and Varughese",19427.14,349.69,62.94,19014.51,SUCCESS,2026-09-01 14:00:00,SET-0006,UTR-0LBT3G2QZW3C
TXN-00055,ORD-00055,MER-25LLO3RB,Dara-Kota,4751.75,95.03,17.11,4639.61,SUCCESS,2026-09-04 15:16:00,SET-0006,UTR-XK5BXJ2POP8M
TXN-00056,ORD-00056,MER-20CV3TLC,Bhatt LLC,23702.82,355.54,64.0,23283.28,SUCCESS,2026-09-04 15:12:00,SET-0006,UTR-XLVPYMB5M9J9
TXN-00057,ORD-00057,MER-YPEIXN8B,Karpe PLC,12991.86,259.84,46.77,12685.25,SUCCESS,2026-09-01 13:28:00,SET-0006,UTR-FQNPCENLK8AG
TXN-00058,ORD-00058,MER-HWY9HECG,Amble Inc,17535.46,263.03,47.35,17225.08,SUCCESS,2026-09-03 17:40:00,SET-0006,UTR-Z9389YZTKKFZ
TXN-00059,ORD-00059,MER-92IRMUQ9,"Bhargava, Karnik and Bir",11699.25,233.99,42.12,11423.14,SUCCESS,2026-09-03 11:11:00,SET-0006,UTR-E5COZROOUELC
TXN-00060,ORD-00060,MER-P6BEFFLZ,Narayanan Inc,23546.01,353.19,63.57,23129.25,SUCCESS,2026-09-02 20:14:00,SET-0006,UTR-M764JWTEKTSG
TXN-00061,ORD-00061,MER-B5C81JHU,"Khanna, Mallick and Sunder",10448.98,188.08,33.85,10227.05,SUCCESS,2026-09-02 14:48:00,SET-0007,UTR-WB6TXKI3OQYF
TXN-00062,ORD-00062,MER-049ENULQ,Zacharia and Sons,19101.72,343.83,61.89,18696.0,SUCCESS,2026-09-04 17:30:00,SET-0007,UTR-JIDKNWI5FLUL
TXN-00063,ORD-00063,MER-DOQIVBKV,"Solanki, Kibe and Solanki",9126.84,164.28,29.57,8932.99,SUCCESS,2026-09-01 15:35:00,SET-0007,UTR-4YKADEJNOBBU
TXN-00064,ORD-00064,MER-3WVEDN9U,Gupta-Chandra,23291.08,419.24,75.46,22796.38,SUCCESS,2026-09-02 15:42:00,SET-0007,UTR-NFVOBBZ2SF6F
TXN-00065,ORD-00065,MER-M3TZK3NY,Sankar LLC,14629.73,219.45,39.5,14370.78,SUCCESS,2026-09-04 11:31:00,SET-0007,UTR-9V20YAR821UZ
TXN-00066,ORD-00066,MER-UZGPPOHS,Roy-Sibal,13374.86,267.5,48.15,13059.21,SUCCESS,2026-09-03 20:32:00,SET-0007,UTR-WQ40ZSU9RN8Q
TXN-00067,ORD-00067,MER-8KK791ZY,"Bhagat, Chaudhari and Bhat",3747.26,56.21,10.12,3680.93,SUCCESS,2026-09-03 10:20:00,SET-0007,UTR-RRU7ZKUT6OM1
TXN-00068,ORD-00068,MER-X0H3JUJD,Nori-Chopra,24449.98,366.75,66.02,24017.21,SUCCESS,2026-09-04 20:08:00,SET-0007,UTR-0IB6IIDLRYE8
TXN-00069,ORD-00069,MER-X1KKC1XI,Handa and Sons,21820.04,392.76,70.7,21356.58,SUCCESS,2026-09-01 09:09:00,SET-0007,UTR-04B7P47B42G0
TXN-00070,ORD-00070,MER-V7MQXS6E,"Sen, Dey and Sami",15312.77,306.26,55.13,14951.38,SUCCESS,2026-09-04 16:17:00,SET-0007,UTR-SJ3L0XZAMKYG
TXN-00071,ORD-00071,MER-GFLIJI18,Mallick Group,7843.35,117.65,21.18,7704.52,SUCCESS,2026-09-03 15:16:00,SET-0008,UTR-K0AXYCELOS6Z
TXN-00072,ORD-00072,MER-RQ9NZ612,Borra Group,5133.7,102.67,18.48,5012.55,SUCCESS,2026-09-02 11:48:00,SET-0008,UTR-31YV2STN7E36
TXN-00073,ORD-00073,MER-PYZR6QCE,"Chaudhari, Bedi and Zachariah",13574.97,203.62,36.65,13334.7,SUCCESS,2026-09-01 17:03:00,SET-0008,UTR-OUUYLAJAHCPZ
TXN-00074,ORD-00074,MER-O119XP9N,Chander and Sons,5644.99,84.67,15.24,5545.08,SUCCESS,2026-09-01 14:05:00,SET-0008,UTR-56NYXTXMGTT0
TXN-00075,ORD-00075,MER-PNIQFG51,Ray Group,1201.49,21.63,3.89,1175.97,SUCCESS,2026-09-02 18:12:00,SET-0008,UTR-BXW76ICVQY5I
TXN-00076,ORD-00076,MER-F9I6UU13,Kala-Rattan,1267.41,22.81,4.11,1240.49,SUCCESS,2026-09-04 17:57:00,SET-0008,UTR-I59SOJUV0GYU
TXN-00077,ORD-00077,MER-OKGTII4F,Gala Group,20752.22,311.28,56.03,20384.91,SUCCESS,2026-09-03 15:26:00,SET-0008,UTR-QCOOTNJLCQNT
TXN-00078,ORD-00078,MER-2VYHH6K6,Ramakrishnan LLC,11709.64,234.19,42.15,11433.3,SUCCESS,2026-09-03 14:15:00,SET-0008,UTR-HG0016ZZOILK
TXN-00079,ORD-00079,MER-SRD9Q46N,Mangal-Sampath,12532.61,250.65,45.12,12236.84,SUCCESS,2026-09-03 13:23:00,SET-0008,UTR-OUHFJ7UPFLN4
TXN-00080,ORD-00080,MER-Q0MFTG69,"Sur, Dubey and Gupta",11454.64,171.82,30.93,11251.89,SUCCESS,2026-09-04 20:15:00,SET-0008,UTR-8S4C3BAEWCFH
TXN-00081,ORD-00081,MER-ATATJ9A3,Kalla-Bhardwaj,10210.08,204.2,36.76,9969.12,SUCCESS,2026-09-02 20:53:00,SET-0009,UTR-Y36DDFGS3JON
TXN-00082,ORD-00082,MER-Y4X41DNT,"Bhat, Murthy and Bhandari",21716.11,434.32,78.18,21203.61,SUCCESS,2026-09-04 13:37:00,SET-0009,UTR-RRU7ZKUT6OM1
TXN-00083,ORD-00083,MER-YKTXG4AH,Sood PLC,19783.4,395.67,71.22,19316.51,SUCCESS,2026-09-01 17:32:00,SET-0009,UTR-SEMCIKPTK93T
TXN-00084,ORD-00084,MER-DICVWV8L,"Dugar, Bhandari and Trivedi",1930.32,34.75,6.25,1889.32,SUCCESS,2026-09-02 15:29:00,SET-0009,UTR-W2QITNGVN1KI
TXN-00085,ORD-00085,MER-LDALMJEG,Grewal Inc,22538.29,338.07,60.85,22139.37,SUCCESS,2026-09-02 20:41:00,SET-0009,UTR-QTOAMDVLNKND
TXN-00086,ORD-00086,MER-EKRCPPRC,"Bir, Keer and Raval",8434.93,168.7,30.37,8235.86,SUCCESS,2026-09-02 14:07:00,SET-0009,UTR-JIWVHDK8LW2L
TXN-00087,ORD-00087,MER-RGOL0W82,Koshy PLC,5320.25,95.76,17.24,5207.25,SUCCESS,2026-09-01 15:58:00,SET-0009,UTR-LK2N7H9G1A07
TXN-00088,ORD-00088,MER-WIXZ2C9R,"Baral, Bumb and Saini",16474.28,296.54,53.38,16124.36,SUCCESS,2026-09-02 20:02:00,SET-0009,UTR-OS7YT2M6TWD1
TXN-00089,ORD-00089,MER-9YO18PAJ,"Virk, Mutti and Lal",10457.79,156.87,28.24,10272.68,SUCCESS,2026-09-01 11:25:00,SET-0009,UTR-SSUUQO1VSMAD
TXN-00090,ORD-00090,MER-LQHRRPZL,Murthy and Sons,23965.72,359.49,64.71,23541.52,SUCCESS,2026-09-04 19:44:00,SET-0009,UTR-K3E4XYF9IGFU
TXN-00091,ORD-00091,MER-XPBWHVNZ,Randhawa-Deep,16013.8,320.28,57.65,15635.87,SUCCESS,2026-09-04 19:25:00,SET-0010,UTR-H13CD5GLQJ5S
TXN-00092,ORD-00092,MER-EMQGY27V,"Mital, Shankar and Mutti",22987.11,344.81,62.07,22580.23,SUCCESS,2026-09-02 17:21:00,SET-0010,UTR-YLIENFNVUPRT
TXN-00093,ORD-00093,MER-FLQBMAE3,Andra Group,13486.45,202.3,36.41,13247.74,SUCCESS,2026-09-04 18:39:00,SET-0010,UTR-8SRYO4RCB1KJ
TXN-00094,ORD-00094,MER-TEE13N3B,"Chaudhry, Borah and Yogi",24849.55,372.74,67.09,24409.72,SUCCESS,2026-09-02 19:02:00,SET-0010,UTR-FQNPCENLK8AG
TXN-00095,ORD-00095,MER-WFFHHCMK,Toor LLC,24812.91,496.26,89.33,24227.32,SUCCESS,2026-09-02 20:58:00,SET-0010,UTR-TLZKJ49YD827
TXN-00096,ORD-00096,MER-Z31YRUJO,Palla Inc,18344.83,366.9,66.04,17911.89,SUCCESS,2026-09-04 19:50:00,SET-0010,UTR-QW5DSK7N8LA1
TXN-00097,ORD-00097,MER-O83RLKTE,Pingle LLC,10752.2,215.04,38.71,10498.45,SUCCESS,2026-09-02 20:05:00,SET-0010,UTR-4261BW4A7FQ9
TXN-00098,ORD-00098,MER-55DMCXXB,Sarma PLC,8655.0,129.82,23.37,8501.81,SUCCESS,2026-09-04 20:50:00,SET-0010,UTR-W01PDDHCVSQA
TXN-00099,ORD-00099,MER-ID3DNKN3,"Mittal, Wadhwa and Anand",11115.36,166.73,30.01,10918.62,SUCCESS,2026-09-01 10:42:00,SET-0010,UTR-5XYCUVFMH07W
TXN-00100,ORD-00100,MER-1VN8LFJD,"Mistry, Chawla and Desai",1458.77,21.88,3.94,1432.95,SUCCESS,2026-09-04 15:35:00,SET-0010,UTR-TVV2Y4XKSS0K
