transaction_id,order_id,expected_settlement_amount,received_amount,ledger_status,ledger_timestamp
TXN-00001,ORD-00001,2763.46,2763.46,COMPLETE,2026-09-04 08:41:00
TXN-00002,ORD-00002,22285.77,16993.14,REVIEW,
TXN-00003,ORD-00003,4112.27,4112.27,COMPLETE,2026-09-05 06:41:00
TXN-00004,ORD-00004,17684.05,0.0,PENDING,
TXN-00005,ORD-00005,21034.56,21034.56,COMPLETE,2026-09-02 08:12:00
TXN-00006,ORD-00006,14178.88,14178.88,COMPLETE,2026-09-02 02:26:00
TXN-00007,ORD-00007,17615.76,0.0,PENDING,
TXN-00008,ORD-00008,16334.96,16334.96,COMPLETE,2026-09-04 08:24:00
TXN-00009,ORD-00009,10839.7,0.0,PENDING,
TXN-00010,ORD-00010,18429.9,18429.9,COMPLETE,2026-09-04 00:06:00
TXN-00011,ORD-00011,6912.66,6912.66,COMPLETE,2026-09-05 03:04:00
TXN-00012,ORD-00012,22957.66,0.0,PENDING,
TXN-00013,ORD-00013,7090.29,7090.29,COMPLETE,2026-09-05 05:01:00
TXN-00014,ORD-00014,21641.72,21641.72,COMPLETE,2026-09-04 08:58:00
TXN-00015,ORD-00015,10857.65,10857.65,COMPLETE,2026-09-06 06:26:00
TXN-00016,ORD-00016,13321.92,13321.92,COMPLETE,2026-09-03 00:36:00
TXN-00017,ORD-00017,16649.33,16649.33,COMPLETE,2026-09-03 11:03:00
TXN-00018,ORD-00018,23381.49,23381.49,COMPLETE,2026-09-02 08:12:00
TXN-00019,ORD-00019,23449.63,23449.63,COMPLETE,2026-09-03 04:22:00
TXN-00020,ORD-00020,12782.53,10226.02,PARTIAL,
TXN-00021,ORD-00021,12734.56,12734.56,REVIEW,
TXN-00022,ORD-00022,7769.35,7469.35,MISMATCH,
TXN-00023,ORD-00023,10871.77,5435.89,PARTIAL,
TXN-00024,ORD-00024,14919.2,14919.2,COMPLETE,2026-09-02 06:37:00
TXN-00025,ORD-00025,15881.46,15881.46,COMPLETE,2026-09-02 22:18:00
TXN-00026,ORD-00026,602.01,602.01,COMPLETE,2026-09-04 06:55:00
TXN-00027,ORD-00027,7976.43,7976.43,COMPLETE,2026-09-03 08:18:00
TXN-00028,ORD-00028,2873.4,2873.4,REVIEW,
TXN-00029,ORD-00029,16239.89,16239.89,COMPLETE,2026-09-06 06:16:00
TXN-00030,ORD-00030,23624.63,18899.7,PARTIAL,
TXN-00031,ORD-00031,22623.48,0.0,PENDING,
TXN-00032,ORD-00032,6343.35,6343.35,COMPLETE,2026-09-05 07:59:00
TXN-00033,ORD-00033,18312.29,18312.29,COMPLETE,2026-09-05 07:58:00
TXN-00034,ORD-00034,21458.21,21458.21,COMPLETE,2026-09-04 11:53:00
TXN-00035,ORD-00035,9361.26,9361.26,COMPLETE,2026-09-04 04:55:00
TXN-00036,ORD-00036,23152.32,23152.32,COMPLETE,2026-09-03 04:09:00
TXN-00037,ORD-00037,23850.46,23850.46,COMPLETE,2026-09-04 07:14:00
TXN-00038,ORD-00038,482.48,482.48,COMPLETE,2026-09-02 23:14:00
TXN-00039,ORD-00039,22014.02,22014.02,COMPLETE,2026-09-03 04:12:00
TXN-00040,ORD-00040,7715.03,0.0,PENDING,
TXN-00041,ORD-00041,2616.41,1569.85,PARTIAL,
TXN-00042,ORD-00042,3580.42,3287.3,MISMATCH,
TXN-00043,ORD-00043,8540.9,2634.18,REVIEW,
TXN-00044,ORD-00044,22547.64,9418.01,REVIEW,
TXN-00045,ORD-00045,19015.42,18715.42,MISMATCH,
TXN-00046,ORD-00046,14511.44,14511.44,COMPLETE,2026-09-03 02:22:00
TXN-00047,ORD-00047,20456.26,20456.26,COMPLETE,2026-09-02 11:41:00
TXN-00048,ORD-00048,8202.46,8202.46,COMPLETE,2026-09-03 15:03:00
TXN-00049,ORD-00049,24556.93,0.0,PENDING,
TXN-00050,ORD-00050,13112.33,10489.86,PARTIAL,
TXN-00051,ORD-00051,2341.47,2341.47,COMPLETE,2026-09-05 03:02:00
TXN-00052,ORD-00052,20397.56,20397.56,COMPLETE,2026-09-05 10:58:00
TXN-00053,ORD-00053,12887.38,0.0,PENDING,
TXN-00054,ORD-00054,19014.51,19014.51,COMPLETE,2026-09-02 08:05:00
TXN-00055,ORD-00055,4639.61,0.0,PENDING,
TXN-00056,ORD-00056,23283.28,3324.37,REVIEW,
TXN-00057,ORD-00057,12685.25,12685.25,COMPLETE,2026-09-02 13:33:00
TXN-00058,ORD-00058,17225.08,17225.08,COMPLETE,2026-09-04 11:45:00
TXN-00059,ORD-00059,11423.14,11123.14,MISMATCH,
TXN-00060,ORD-00060,23129.25,23129.25,COMPLETE,2026-09-03 20:19:00
TXN-00061,ORD-00061,10227.05,9927.05,MISMATCH,
TXN-00062,ORD-00062,18696.0,0.0,PENDING,
TXN-00063,ORD-00063,8932.99,0.0,PENDING,
TXN-00064,ORD-00064,22796.38,22796.38,COMPLETE,2026-09-03 15:47:00
TXN-00065,ORD-00065,14370.78,14370.78,COMPLETE,2026-09-05 05:36:00
TXN-00066,ORD-00066,13059.21,12759.21,MISMATCH,
TXN-00067,ORD-00067,3680.93,3680.93,COMPLETE,2026-09-04 10:25:00
TXN-00068,ORD-00068,24017.21,24017.21,COMPLETE,2026-09-06 08:13:00
TXN-00069,ORD-00069,21356.58,21356.58,COMPLETE,2026-09-02 09:14:00
TXN-00070,ORD-00070,14951.38,14651.38,MISMATCH,
TXN-00071,ORD-00071,7704.52,0.0,PENDING,
TXN-00072,ORD-00072,5012.55,5012.55,COMPLETE,2026-09-03 11:53:00
TXN-00073,ORD-00073,13334.7,13334.7,COMPLETE,2026-09-02 05:08:00
TXN-00074,ORD-00074,5545.08,5545.08,COMPLETE,2026-09-03 02:10:00
TXN-00075,ORD-00075,1175.97,1175.97,COMPLETE,2026-09-03 12:17:00
TXN-00076,ORD-00076,1240.49,1240.49,COMPLETE,2026-09-05 18:02:00
TXN-00077,ORD-00077,20384.91,20084.91,MISMATCH,
TXN-00078,ORD-00078,11433.3,11433.3,COMPLETE,2026-09-04 14:20:00
TXN-00079,ORD-00079,12236.84,12236.84,COMPLETE,2026-09-05 01:28:00
TXN-00080,ORD-00080,11251.89,11251.89,COMPLETE,2026-09-06 08:20:00
TXN-00081,ORD-00081,9969.12,9969.12,COMPLETE,2026-09-03 14:58:00
TXN-00082,ORD-00082,21203.61,21203.61,REVIEW,
TXN-00083,ORD-00083,19316.51,19316.51,REVIEW,
TXN-00084,ORD-00084,1889.32,1889.32,COMPLETE,2026-09-03 09:34:00
TXN-00085,ORD-00085,22139.37,22139.37,COMPLETE,2026-09-04 08:46:00
TXN-00086,ORD-00086,8235.86,0.0,PENDING,
TXN-00087,ORD-00087,5207.25,5207.25,COMPLETE,2026-09-03 04:03:00
TXN-00088,ORD-00088,16124.36,16124.36,COMPLETE,2026-09-03 08:07:00
TXN-00089,ORD-00089,10272.68,0.0,PENDING,
TXN-00090,ORD-00090,23541.52,23541.52,COMPLETE,2026-09-05 13:49:00
TXN-00091,ORD-00091,15635.87,15635.87,COMPLETE,2026-09-06 07:30:00
TXN-00092,ORD-00092,22580.23,0.0,PENDING,
TXN-00093,ORD-00093,13247.74,0.0,PENDING,
TXN-00094,ORD-00094,24409.72,24409.72,REVIEW,
TXN-00095,ORD-00095,24227.32,14536.39,PARTIAL,
TXN-00096,ORD-00096,17911.89,8955.94,PARTIAL,
TXN-00097,ORD-00097,10498.45,10498.45,COMPLETE,2026-09-03 20:10:00
TXN-00098,ORD-00098,8501.81,0.0,PENDING,
TXN-00099,ORD-00099,10918.62,0.0,PENDING,
TXN-00100,ORD-00100,1432.95,1432.95,COMPLETE,2026-09-05 03:40:00
